sgrna,target,on_target_score,off_target_label,dataset_source
GCTAGCTAGCTAGCTAGCTAGCT,GCTAGCTAGCTAGCTAGCTAGCT,0.70,None,dataset_A
ATGCATGCATGCATGCATGCATG,ATGCATGCATGCATGCATGCATG,0.71,None,dataset_A
CCGGCCGGCCGGCCGGCCGGCCG,CCGGCCGGCCGGCCGGCCGGCCG,0.72,None,dataset_A
GGCCGGCCGGCCGGCCGGCCGGCC,GGCCGGCCGGCCGGCCGGCCGGCC,0.73,None,dataset_A
TTAATTAATTAATTAATTAATTAA,TTAATTAATTAATTAATTAATTAA,0.74,None,dataset_A
GCTAGCTAGCTAGCTAGCTAGCT,GCTAGCTAGCTAGCTAGCTAGCT,0.75,None,dataset_A
ATGCATGCATGCATGCATGCATG,ATGCATGCATGCATGCATGCATG,0.76,None,dataset_A
CCGGCCGGCCGGCCGGCCGGCCG,CCGGCCGGCCGGCCGGCCGGCCG,0.77,None,dataset_A
GCTAGCTAGCTAGCTAGCTAGCT,GCTAGCTAGCTAGCTAGCTAGCT,None,0,dataset_B
ATGCATGCATGCATGCATGCATG,ATGCATGCATGCATGCATGCATG,None,1,dataset_B
